"PVWatts Hourly PV Performance Data"
"Requested Location","madeira"
"Location","FUNCHAL, PORTUGAL"
"Latitude (DD)","32.65"
"Longitude (DD)","-16.92"
"Elevation (m)","380"
"DC System Size (kW)","4"
"Module Type","Standard"
"Array Type","Fixed (open rack)"
"Array Tilt (deg)","20"
"Array Azimuth (deg)","180"
"System Losses (%)","14.08"
"DC to AC Size Ratio","1.2"
"Inverter Efficiency (%)","96"
"Ground Coverage Ratio","NA"
"Albedo","From weather file"
"Bifacial","No (0)"
"Monthly Irradiance Loss (%)",""
"","Jan","0"
"","Feb","0"
"","Mar","0"
"","Apr","0"
"","May","0"
"","June","0"
"","July","0"
"","Aug","0"
"","Sept","0"
"","Oct","0"
"","Nov","0"
"","Dec","0"